line_num,word_num,left,top,width,height,conf,text
1,1,530,115,217,32,96,GREENFIELD
1,2,757,110,120,28,96,ALLIED
1,3,889,103,169,29,95,SERVICES
1,4,1070,100,61,25,96,LTD
1,1,600,163,57,13,96,Human
1,2,671,158,106,15,96,Resources
1,3,791,150,117,22,92,Department
1,4,925,157,6,2,92,-
2,1,630,190,46,15,0,STAFF
2,2,690,186,96,17,91,BIO-DATA
2,3,798,184,35,14,96,AND
2,4,845,178,143,18,96,VERIFICATION
2,5,1003,175,45,15,96,FORM
1,1,94,181,263,75,18,ee
1,2,98,190,1474,62,14,ee
1,1,101,281,117,17,93,Reference
1,2,233,278,47,15,85,No.:
1,3,620,255,209,22,91,GAS/HR/2026/0042
1,1,103,320,51,18,95,Full
1,2,168,321,61,15,95,Name:
1,3,622,298,104,19,91,Chiamaka
1,4,741,294,64,23,93,Ngozi
1,5,820,295,37,15,96,Eze
1,1,104,362,51,16,96,Date
1,1,105,401,65,17,96,state
1,2,224,395,87,22,83,Origin:
1,3,731,376,63,17,96,state
1,1,108,440,64,18,94,Local
1,2,330,435,62,14,96,Area:
1,3,627,419,64,18,92,Nnewi
1,4,706,416,63,18,96,North
1,1,109,476,144,22,96,Residential
1,2,266,474,101,18,96,Address:
1,3,629,463,33,14,95,No.
1,4,682,460,23,15,95,15
1,5,866,449,112,19,79,"crescent,"
1,6,997,448,51,14,61,wuse
1,7,1065,445,31,18,92,"II,"
2,1,110,521,65,17,96,Phone
2,2,189,517,87,18,95,Number:
2,3,630,501,51,16,91,+234
2,4,696,499,37,16,96,803
2,5,749,497,37,16,96,245
2,6,802,494,50,16,96,6721
1,1,112,558,104,20,96,National
1,2,231,551,182,22,96,Identification
1,3,429,551,33,15,96,No.
1,4,484,545,71,23,95,(NIN):
1,1,114,600,51,18,95,Bank
1,2,179,594,157,21,96,Verification
1,3,351,594,34,15,96,No.
1,4,406,588,71,23,85,(BVN):
1,1,114,643,39,15,83,Tax
1,2,168,634,182,22,96,Identification
1,3,366,633,34,15,96,No.
1,4,422,627,71,24,90,(TIN):
1,5,635,612,97,31,92,10293847
1,6,742,616,62,18,86,-0001
2,1,117,680,51,18,96,Bank
2,2,183,681,60,14,96,Name:
2,3,636,658,77,19,96,Zenith
2,4,729,656,50,18,96,Bank
2,5,795,654,37,17,87,Plc
3,1,118,720,90,18,95,Account
3,2,224,716,77,18,96,Number
3,3,319,706,82,33,87,(NUBAN)
3,4,412,714,4,12,86,:
1,1,120,762,52,16,43,NYsc
1,2,186,757,90,20,87,Call-Up
1,3,292,753,86,18,96,Number:
1,1,122,799,90,19,96,Pension
1,2,228,798,38,16,96,RSA
1,3,280,796,47,16,96,PIN:
1,1,123,842,52,16,92,NHIS
1,2,189,837,87,18,96,Number:
1,1,125,875,169,23,96,International
1,2,310,871,102,22,93,Passport
1,3,429,871,46,15,53,No.:
1,1,126,919,91,19,96,Vehicle
1,2,232,917,64,17,96,Plate
1,3,311,913,87,17,96,Number:
1,4,646,901,38,16,78,KJA
1,5,699,899,37,16,96,456
2,1,127,959,91,19,96,Vehicle
2,2,234,951,182,23,96,Identification
2,3,432,951,34,15,95,No.
2,4,486,941,56,31,94,(VIN)
2,5,551,945,7,21,35,=
1,1,130,1000,102,22,96,Employer
1,2,248,997,38,16,96,CAC
1,3,302,996,46,19,95,Reg.
1,4,368,994,46,14,90,No.:
1,1,131,1041,51,17,96,Next
1,2,197,1038,24,17,96,of
1,3,237,1036,47,18,96,Kin:
1,4,650,1019,65,18,90,Tunde
1,5,809,1016,38,15,91,Eze
2,1,133,1081,50,17,96,Next
2,2,199,1078,24,17,96,of
2,3,239,1076,37,18,96,Kin
2,4,291,1074,73,17,95,Phone:
2,5,653,1061,51,15,93,+234
2,6,719,1059,37,15,96,706
2,7,772,1057,36,15,96,112
2,8,825,1054,50,16,96,3345
1,1,138,1193,36,19,93,Emp
1,2,179,1190,61,20,43,loyee
1,3,256,1185,126,22,3,Signature
1,1,139,1236,60,17,96,Date:
1,1,142,1297,24,15,96,HR
1,2,181,1290,156,21,96,Verification
1,3,352,1286,101,18,96,officer:
